,Age,handled_MonthlyIncome,JobSatisfaction,YearsAtCompany,OverTime,NumCompaniesWorked,Department_Human Resources,Department_Research & Development,Department_Sales,MaritalStatus_Divorced,MaritalStatus_Married,MaritalStatus_Single
0,41,5993,4,6,1,8,0,0,1,0,0,1
1,49,5130,2,10,0,1,0,1,0,0,1,0
2,37,2090,3,0,1,6,0,1,0,0,0,1
3,33,2909,3,8,1,1,0,1,0,0,1,0
4,27,3468,2,2,0,9,0,1,0,0,1,0
5,32,3068,4,7,0,0,0,1,0,0,0,1
6,59,2670,1,1,1,4,0,1,0,0,1,0
7,30,2693,3,1,0,1,0,1,0,1,0,0
8,38,9526,3,9,0,0,0,1,0,0,0,1
9,36,5237,3,7,0,6,0,1,0,0,1,0
10,35,2426,2,5,0,0,0,1,0,0,1,0
11,29,4193,3,9,1,0,0,1,0,0,0,1
12,31,2911,3,5,0,1,0,1,0,1,0,0
13,34,2661,4,2,0,0,0,1,0,1,0,0
14,28,2028,3,4,1,5,0,1,0,0,0,1
15,29,9980,1,10,0,1,0,1,0,1,0,0
16,32,3298,2,6,1,0,0,1,0,1,0,0
17,22,2935,4,1,1,1,0,1,0,1,0,0
18,53,15427,4,25,0,2,0,0,1,0,1,0
19,38,3944,4,3,1,5,0,1,0,0,0,1
20,24,4011,3,4,0,0,0,1,0,1,0,0
21,36,3407,1,5,0,7,0,0,1,0,0,1
22,34,11994,2,12,0,0,0,1,0,0,0,1
23,21,1232,4,0,0,1,0,1,0,0,0,1
24,34,2960,1,4,0,2,0,1,0,0,0,1
25,53,16581,3,14,0,4,0,1,0,1,0,0
26,32,3919,1,10,1,1,0,1,0,0,0,1
27,42,6825,2,9,0,0,0,0,1,0,1,0
28,44,10248,4,22,0,3,0,1,0,0,1,0
29,46,16581,1,2,0,3,0,0,1,0,0,1
30,33,2496,4,1,0,4,0,1,0,0,0,1
31,44,6465,4,4,1,2,0,1,0,0,1,0
32,30,2206,3,10,0,1,0,1,0,0,0,1
33,39,2086,4,1,0,3,0,0,1,0,1,0
34,24,2293,4,2,1,2,0,1,0,0,1,0
35,43,2645,3,5,0,1,0,1,0,1,0,0
36,50,2683,3,3,1,1,0,0,1,0,1,0
37,35,2014,4,2,0,1,0,0,1,0,1,0
38,36,3419,1,1,1,9,0,1,0,0,1,0
39,33,5376,1,5,0,2,0,0,1,0,1,0
40,35,1951,4,1,0,1,0,1,0,1,0,0
41,27,2341,1,1,0,1,0,1,0,1,0,0
42,26,2293,3,1,0,1,0,1,0,0,0,1
43,27,8726,3,9,0,1,0,0,1,0,0,1
44,30,4011,4,12,0,1,0,1,0,0,0,1
45,41,16581,3,22,0,1,0,1,0,0,1,0
46,34,4568,3,9,0,0,0,0,1,0,0,1
47,37,3022,2,1,0,4,0,1,0,0,1,0
48,46,5772,4,9,1,4,0,0,1,0,0,1
49,35,2269,4,1,0,1,0,1,0,0,1,0
50,48,5381,3,1,1,9,0,1,0,0,0,1
51,28,3441,3,2,1,1,0,1,0,0,0,1
52,44,5454,1,4,1,5,0,0,1,1,0,0
53,35,9884,1,4,1,2,0,1,0,0,1,0
54,26,4157,4,2,1,7,0,0,1,0,1,0
55,33,13458,4,15,1,1,0,1,0,0,0,1
56,35,9069,1,9,0,1,0,0,1,0,1,0
57,35,4014,1,2,1,3,0,1,0,0,1,0
58,31,5915,4,7,0,3,0,1,0,1,0,0
59,37,5993,3,7,0,1,0,1,0,1,0,0
60,32,6162,4,9,1,1,0,1,0,0,1,0
61,38,2406,4,10,0,1,0,1,0,0,0,1
62,50,16581,3,27,1,5,0,1,0,1,0,0
63,59,7637,1,21,0,7,0,0,1,0,0,1
64,36,10096,3,17,0,1,0,1,0,1,0,0
65,55,14756,3,5,1,2,0,1,0,1,0,0
66,36,6499,2,6,0,1,0,1,0,0,0,1
67,45,9724,1,1,0,2,0,1,0,1,0,0
68,35,2194,1,3,0,4,0,1,0,0,1,0
69,36,3388,3,1,1,0,0,1,0,0,1,0
70,59,5473,3,4,0,7,0,0,1,0,0,1
71,29,2703,2,5,0,0,0,1,0,0,1,0
72,31,2501,2,1,0,1,0,1,0,0,0,1
73,32,6220,2,10,0,1,0,1,0,0,1,0
74,36,3038,4,1,0,3,0,1,0,0,1,0
75,31,4424,4,11,0,1,0,1,0,0,0,1
76,35,4312,1,15,0,0,0,0,1,0,0,1
77,45,13245,1,0,1,4,0,1,0,0,1,0
78,37,13664,3,5,0,4,0,1,0,0,0,1
79,46,5021,2,4,1,8,1,0,0,1,0,0
80,30,5126,4,10,1,1,0,1,0,0,1,0
81,35,2859,3,6,0,1,0,1,0,0,0,1
82,55,10239,4,1,0,3,0,0,1,0,1,0
83,38,5329,4,13,1,7,0,1,0,1,0,0
84,34,4325,2,5,0,1,0,1,0,0,1,0
85,56,7260,4,6,0,4,0,1,0,0,0,1
86,23,2322,1,0,0,3,0,0,1,1,0,0
87,51,2075,4,4,0,3,0,1,0,0,1,0
88,30,4152,4,11,0,1,0,1,0,0,1,0
89,46,9619,4,9,0,1,0,0,1,0,0,1
90,40,13503,2,22,0,1,0,1,0,0,1,0
91,51,5441,4,10,1,0,0,0,1,0,0,1
92,30,5209,2,11,1,1,0,0,1,1,0,0
93,46,10673,1,10,1,2,0,1,0,0,1,0
94,32,5010,3,11,0,1,0,0,1,0,0,1
95,54,13549,3,4,0,9,0,1,0,0,1,0
96,24,4999,3,3,0,0,0,0,1,0,1,0
97,28,4221,3,5,0,1,0,0,1,0,1,0
98,58,13872,3,37,0,0,0,0,1,0,0,1
99,44,2042,2,3,0,4,0,1,0,0,1,0
100,37,2073,1,3,1,4,1,0,0,1,0,0
101,32,2956,1,1,0,1,0,1,0,0,0,1
102,20,2926,4,1,1,1,0,1,0,0,0,1
103,34,4809,3,16,0,1,0,1,0,0,0,1
104,37,5163,4,1,0,5,0,1,0,1,0,0
105,59,16581,4,3,0,9,1,0,0,0,1,0
106,50,16581,2,8,1,3,0,1,0,0,1,0
107,25,5744,3,6,1,1,0,0,1,0,0,1
108,25,2889,4,2,0,1,0,1,0,0,1,0
109,22,2871,4,0,0,1,0,1,0,0,0,1
110,51,7484,1,13,0,3,0,1,0,0,0,1
111,34,6074,3,9,1,1,0,1,0,0,0,1
112,54,16581,4,5,1,2,1,0,0,0,0,1
113,24,2774,3,5,0,0,0,1,0,0,1,0
114,34,4505,2,1,0,6,0,1,0,1,0,0
115,37,7428,4,5,0,2,0,0,1,0,0,1
116,34,11631,1,11,0,2,0,1,0,0,0,1
117,36,9738,4,9,0,0,0,0,1,0,1,0
118,36,2835,4,1,0,5,0,1,0,1,0,0
119,43,16581,4,25,1,1,0,0,1,0,1,0
120,30,2613,3,10,0,1,0,1,0,1,0,0
121,33,6146,2,7,0,0,0,0,1,0,1,0
122,56,4963,2,5,1,9,0,1,0,0,1,0
123,51,16581,3,20,0,7,0,1,0,0,0,1
124,31,6172,3,7,1,4,0,0,1,0,1,0
125,26,2368,2,5,0,1,0,1,0,0,1,0
126,58,10312,4,40,0,1,0,1,0,0,1,0
127,19,1675,3,0,1,1,0,0,1,0,0,1
128,22,2523,4,2,0,0,0,1,0,0,1,0
129,49,6567,1,15,0,1,0,1,0,0,1,0
130,43,4739,3,3,0,4,0,1,0,0,0,1
131,50,9208,4,2,0,4,0,0,1,0,0,1
132,31,4559,3,2,1,3,0,0,1,0,1,0
133,41,8189,3,9,1,3,0,0,1,1,0,0
134,26,2942,3,8,0,1,1,0,0,0,1,0
135,36,4941,2,3,0,6,0,1,0,1,0,0
136,51,10650,4,4,0,2,0,1,0,0,0,1
137,39,5902,3,15,0,4,0,0,1,0,1,0
138,25,8639,3,2,0,2,0,0,1,0,1,0
139,30,6347,4,11,1,0,1,0,0,0,1,0
140,32,4200,1,5,0,7,0,1,0,0,0,1
141,45,3452,4,6,0,5,0,1,0,0,0,1
142,38,4317,3,3,1,3,0,1,0,0,0,1
143,30,2632,3,5,0,1,0,1,0,0,0,1
144,32,4668,4,8,0,0,0,0,1,1,0,0
145,30,3204,1,3,0,5,0,1,0,1,0,0
146,30,2720,4,5,0,0,0,1,0,0,0,1
147,41,16581,1,7,0,4,0,1,0,1,0,0
148,41,2238,1,5,0,2,0,1,0,0,1,0
149,19,1483,2,1,0,1,0,1,0,0,0,1
150,40,5605,2,20,0,1,0,1,0,1,0,0
151,35,7295,2,10,0,1,0,0,1,0,1,0
152,53,2306,3,7,1,2,0,0,1,0,1,0
153,45,2348,2,17,0,8,0,1,0,1,0,0
154,32,8998,4,9,0,1,0,0,1,0,0,1
155,29,4319,3,10,0,1,0,1,0,0,1,0
156,51,6132,3,1,0,2,0,1,0,0,1,0
157,58,3346,2,1,1,4,0,1,0,0,1,0
158,40,10855,4,12,0,7,0,0,1,0,1,0
159,34,2231,3,4,0,6,0,0,1,0,1,0
160,22,2323,4,2,0,1,0,1,0,0,1,0
161,27,2024,2,2,0,6,0,1,0,1,0,0
162,28,2713,4,5,0,1,0,1,0,0,1,0
163,57,9439,4,5,1,3,0,1,0,1,0,0
164,27,2566,3,1,1,1,0,1,0,1,0,0
165,50,16581,2,5,0,3,0,1,0,0,0,1
166,41,2451,3,9,0,4,0,1,0,1,0,0
167,30,9419,4,10,0,2,0,0,1,0,1,0
168,38,8686,4,8,0,4,0,0,1,0,0,1
169,32,3038,3,5,0,3,0,1,0,0,0,1
170,27,3058,2,5,1,0,0,1,0,0,1,0
171,19,2325,1,0,0,0,0,0,1,0,0,1
172,36,2088,2,8,0,4,0,1,0,0,0,1
173,30,3072,1,12,0,1,0,1,0,1,0,0
174,45,5006,1,5,1,4,0,0,1,1,0,0
175,56,4257,1,2,1,4,0,1,0,1,0,0
176,33,2500,4,3,0,0,0,1,0,0,0,1
177,19,1102,4,1,0,1,0,1,0,0,0,1
178,46,10453,1,24,0,1,0,0,1,1,0,0
179,38,2288,4,2,0,1,0,1,0,0,0,1
180,31,3929,4,4,1,8,0,1,0,0,1,0
181,34,2311,2,3,0,2,0,1,0,0,0,1
182,41,3140,2,4,1,1,0,0,1,0,0,1
183,50,3690,3,3,0,2,0,1,0,0,1,0
184,53,4450,1,4,0,1,0,1,0,1,0,0
185,33,2756,2,8,0,1,0,1,0,0,1,0
186,40,16581,3,20,0,1,0,1,0,0,1,0
187,55,16581,2,24,0,8,0,1,0,0,0,1
188,34,9547,3,10,0,1,0,1,0,0,1,0
189,51,13734,2,7,0,3,0,1,0,0,0,1
190,52,16581,3,33,0,0,0,1,0,0,1,0
191,27,2279,2,7,0,1,0,1,0,0,0,1
192,35,5916,3,1,1,3,0,1,0,0,1,0
193,43,2089,4,5,0,4,0,1,0,1,0,0
194,45,16581,4,20,0,9,0,1,0,0,1,0
195,37,3564,1,8,1,1,0,1,0,0,1,0
196,35,4425,2,6,0,5,0,1,0,0,0,1
197,42,5265,3,5,0,2,0,1,0,1,0,0
198,38,6553,3,1,0,9,0,1,0,0,1,0
199,38,6261,4,7,0,3,0,1,0,0,1,0
200,27,4298,1,2,0,5,0,1,0,0,1,0
201,49,6804,4,7,1,1,0,1,0,1,0,0
202,34,3815,3,5,1,1,0,1,0,1,0,0
203,40,2741,4,7,1,8,0,1,0,0,1,0
204,38,6673,1,1,1,7,0,1,0,0,1,0
205,29,7639,4,10,0,1,0,0,1,0,1,0
206,22,2328,2,4,1,1,0,1,0,1,0,0
207,36,2153,4,8,0,1,0,1,0,0,0,1
208,40,4876,4,3,0,9,0,1,0,0,1,0
209,46,9396,1,4,0,7,0,1,0,1,0,0
210,32,10400,4,14,0,1,0,0,1,0,1,0
211,30,8474,3,11,0,1,0,1,0,0,0,1
212,27,9981,3,7,0,1,0,0,1,0,0,1
213,51,12490,2,10,0,5,0,1,0,0,1,0
214,30,2657,1,5,1,5,0,1,0,0,0,1
215,41,13591,4,1,1,3,0,0,1,0,0,1
216,30,6696,1,6,0,5,0,0,1,0,0,1
217,29,2058,3,6,0,0,0,1,0,0,0,1
218,45,8865,4,19,0,6,0,0,1,0,0,1
219,54,5940,1,6,0,2,0,0,1,0,1,0
220,36,5914,2,13,0,8,0,1,0,0,0,1
221,33,2622,2,3,0,6,0,1,0,0,1,0
222,37,12185,4,10,1,1,0,1,0,1,0,0
223,38,10609,3,16,0,0,0,0,1,1,0,0
224,31,4345,3,5,0,0,0,1,0,0,1,0
225,59,2177,4,1,0,3,0,1,0,0,1,0
226,37,2793,4,9,0,4,0,0,1,1,0,0
227,29,7918,4,11,0,1,0,0,1,0,1,0
228,35,8789,3,10,0,1,0,0,1,0,0,1
229,29,2389,4,4,1,1,0,1,0,0,0,1
230,52,3212,4,2,0,7,0,1,0,0,0,1
231,42,16581,4,22,0,1,0,1,0,0,1,0
232,59,2267,3,2,0,8,1,0,0,0,1,0
233,50,16581,4,7,0,3,0,0,1,1,0,0
234,33,2436,4,5,1,5,0,1,0,0,1,0
235,43,16064,4,17,1,5,0,0,1,0,1,0
236,33,2707,1,9,0,7,0,1,0,0,1,0
237,52,16581,3,33,1,1,0,0,1,0,0,1
238,32,3931,2,4,0,2,0,0,1,0,1,0
239,32,3730,3,3,1,0,0,1,0,0,0,1
240,39,2232,3,3,0,7,0,1,0,1,0,0
241,32,4465,4,3,0,0,0,0,1,0,1,0
242,41,3072,1,1,0,2,0,1,0,1,0,0
243,40,3319,4,9,0,1,0,1,0,1,0,0
244,45,16581,4,24,0,0,0,1,0,0,1,0
245,31,13675,3,2,0,9,0,1,0,1,0,0
246,33,2911,4,2,0,1,0,1,0,0,1,0
247,34,5957,1,11,0,6,0,1,0,0,1,0
248,37,3920,1,3,0,2,0,1,0,0,1,0
249,45,6434,3,3,0,4,0,1,0,0,1,0
250,37,10048,3,1,0,6,0,1,0,1,0,0
251,39,10938,3,19,0,0,0,1,0,0,0,1
252,29,2340,4,6,0,1,0,1,0,0,0,1
253,42,6545,1,3,1,3,0,1,0,0,0,1
254,29,6931,4,3,0,2,0,0,1,1,0,0
255,25,4898,3,4,0,0,0,1,0,0,1,0
256,42,2593,1,9,1,0,0,1,0,1,0,0
257,40,16581,3,21,0,0,0,1,0,1,0,0
258,51,2723,4,1,0,1,0,1,0,0,1,0
259,31,3479,2,5,0,0,0,1,0,0,0,1
260,32,2794,2,5,0,1,0,1,0,0,1,0
261,38,5249,4,8,0,3,0,0,1,0,1,0
262,32,2176,1,6,0,4,0,1,0,0,0,1
263,46,16581,2,7,1,3,0,0,1,0,1,0
264,28,3485,3,0,0,2,0,1,0,0,0,1
265,29,6644,2,0,0,2,0,0,1,0,1,0
266,31,5582,4,9,0,0,0,1,0,0,1,0
267,25,4000,1,6,0,1,0,1,0,1,0,0
268,45,13496,4,20,1,0,0,1,0,0,1,0
269,36,3210,4,15,0,0,0,1,0,0,1,0
270,55,16581,1,36,1,0,0,1,0,0,0,1
271,47,11849,2,10,1,1,0,1,0,0,1,0
272,28,2070,4,5,0,1,0,1,0,0,1,0
273,37,6502,4,5,0,4,0,0,1,0,1,0
274,21,3230,3,3,0,1,0,1,0,0,0,1
275,37,13603,4,5,1,2,0,1,0,1,0,0
276,35,11996,2,7,0,7,0,1,0,1,0,0
277,38,5605,1,8,1,1,0,0,1,1,0,0
278,26,6397,2,6,0,1,0,1,0,1,0,0
279,50,16581,2,10,0,3,0,1,0,1,0,0
280,53,16581,3,5,1,3,0,1,0,0,1,0
281,42,4907,3,20,0,1,0,0,1,0,1,0
282,29,4554,4,10,0,1,0,0,1,0,0,1
283,55,5415,4,10,1,3,0,1,0,0,1,0
284,26,4741,1,5,1,1,0,1,0,0,1,0
285,37,2115,4,17,0,1,0,1,0,0,0,1
286,44,3161,3,1,1,3,0,1,0,1,0,0
287,38,5745,4,2,0,9,0,1,0,1,0,0
288,26,2373,2,3,1,2,0,1,0,1,0,0
289,28,3310,4,5,0,1,0,1,0,0,0,1
290,49,16581,1,3,1,9,0,1,0,0,0,1
291,36,4485,2,8,0,4,0,1,0,0,0,1
292,31,2789,2,2,0,1,0,0,1,1,0,0
293,26,5828,4,8,1,1,0,0,1,0,0,1
294,37,2326,4,4,1,1,0,1,0,0,1,0
295,42,13525,2,20,0,5,0,0,1,0,1,0
296,18,1420,3,0,0,1,0,1,0,0,0,1
297,35,8020,2,11,0,0,0,0,1,0,1,0
298,36,3688,4,1,0,4,0,1,0,0,1,0
299,51,5482,2,4,0,5,0,1,0,1,0,0
300,41,16015,2,22,0,1,0,0,1,0,0,1
301,18,1200,3,0,0,1,0,0,1,0,0,1
302,28,5661,1,8,0,0,0,1,0,0,0,1
303,31,6929,4,8,0,4,0,0,1,0,1,0
304,39,9613,4,18,0,0,0,1,0,1,0,0
305,36,5674,2,9,0,7,0,1,0,0,1,0
306,32,5484,3,13,0,1,0,0,1,0,1,0
307,38,12061,2,10,0,3,0,1,0,0,1,0
308,58,5660,3,5,1,2,0,1,0,1,0,0
309,31,4821,4,5,1,0,0,1,0,0,1,0
310,31,6410,1,2,0,3,1,0,0,0,1,0
311,45,5210,1,24,0,1,0,1,0,1,0,0
312,31,2695,4,2,1,0,0,1,0,1,0,0
313,33,11878,2,10,0,6,0,1,0,0,1,0
314,39,16581,1,21,1,1,0,1,0,0,1,0
315,43,2455,4,8,0,0,0,1,0,0,0,1
316,49,13964,3,7,1,7,0,1,0,0,0,1
317,52,4941,2,8,0,2,0,1,0,0,1,0
318,27,2478,2,4,1,1,0,1,0,0,0,1
319,32,5228,2,13,1,1,0,0,1,0,1,0
320,27,4478,3,5,1,1,0,0,1,0,0,1
321,31,7547,4,7,0,4,0,0,1,1,0,0
322,32,5055,4,7,0,7,0,1,0,0,0,1
323,28,3464,4,3,1,5,0,1,0,0,1,0
324,30,5775,4,10,0,1,0,1,0,0,1,0
325,31,8943,3,10,0,1,0,1,0,0,1,0
326,39,16581,4,21,0,1,0,1,0,0,1,0
327,39,5238,3,1,1,4,0,0,1,0,1,0
328,33,4682,4,7,0,3,0,0,1,0,0,1
329,47,16581,3,3,0,4,0,1,0,0,1,0
330,43,5257,3,9,0,1,0,1,0,1,0,0
331,27,6349,2,5,1,0,0,0,1,0,1,0
332,54,4869,3,4,0,3,0,1,0,0,0,1
333,43,9985,1,1,0,8,0,1,0,0,1,0
334,45,3697,4,10,0,9,0,1,0,0,1,0
335,40,7457,4,4,1,2,0,0,1,0,1,0
336,29,2119,1,7,1,1,0,1,0,0,1,0
337,29,3983,4,3,0,0,0,1,0,0,0,1
338,30,6118,3,10,0,1,0,0,1,1,0,0
339,27,6214,2,8,0,1,0,0,1,0,1,0
340,37,6347,4,6,0,7,0,1,0,1,0,0
341,38,11510,4,11,1,0,0,1,0,1,0,0
342,31,7143,4,11,1,1,0,1,0,0,0,1
343,29,8268,2,7,1,1,0,0,1,1,0,0
344,35,8095,2,16,0,0,0,1,0,0,0,1
345,23,2904,4,4,0,1,0,1,0,1,0,0
346,41,6032,2,5,1,6,0,1,0,0,0,1
347,47,2976,3,0,0,3,0,0,1,0,0,1
348,42,15992,4,1,0,2,0,1,0,0,0,1
349,29,4649,3,4,0,1,0,0,1,0,1,0
350,42,2696,3,3,1,0,1,0,0,1,0,0
351,32,2370,2,8,0,1,0,1,0,0,1,0
352,48,12504,3,0,0,3,0,0,1,0,1,0
353,37,5974,1,7,1,4,0,1,0,1,0,0
354,30,4736,3,2,1,7,0,0,1,0,1,0
355,26,5296,3,8,0,1,0,0,1,0,1,0
356,42,6781,4,1,0,3,0,1,0,0,0,1
357,21,2174,2,3,1,1,0,0,1,0,0,1
358,36,6653,4,1,0,4,0,0,1,0,0,1
359,36,9699,4,13,0,4,0,0,1,0,1,0
360,57,6755,3,3,0,2,0,1,0,0,1,0
361,40,2213,3,7,1,3,0,1,0,0,1,0
362,21,2610,4,3,0,1,0,0,1,0,0,1
363,33,2851,3,1,1,1,0,0,1,0,0,1
364,37,3452,1,5,0,6,0,1,0,0,1,0
365,46,5258,3,1,0,2,0,1,0,0,1,0
366,41,9355,2,8,0,1,0,0,1,0,0,1
367,50,10496,4,4,0,6,0,1,0,0,0,1
368,40,6380,3,6,1,2,0,0,1,0,1,0
369,31,2657,2,2,1,0,0,1,0,0,0,1
370,21,2716,2,1,0,1,0,0,1,0,0,1
371,29,2201,4,3,0,9,0,1,0,0,0,1
372,35,6540,2,1,0,9,0,1,0,0,0,1
373,27,3816,2,5,0,1,0,1,0,1,0,0
374,28,5253,4,7,0,1,0,0,1,0,0,1
375,49,10965,3,5,0,8,0,1,0,0,0,1
376,51,4936,4,7,0,4,0,0,1,0,1,0
377,36,2543,3,2,0,4,0,1,0,0,1,0
378,34,5304,4,5,1,8,0,0,1,0,0,1
379,55,16581,4,5,1,2,0,1,0,0,0,1
380,24,4260,3,5,1,1,0,0,1,1,0,0
381,30,2476,2,1,0,1,0,0,1,0,1,0
382,26,3102,1,6,0,0,0,1,0,0,0,1
383,22,2244,2,2,0,1,0,1,0,0,1,0
384,36,7596,3,10,0,1,0,0,1,0,1,0
385,30,2285,4,1,1,9,0,1,0,0,0,1
386,37,3034,1,18,0,1,0,1,0,1,0,0
387,40,5715,2,5,0,7,0,0,1,1,0,0
388,42,2576,1,5,0,3,0,1,0,1,0,0
389,37,4197,2,1,1,2,0,1,0,0,0,1
390,43,14336,2,25,0,1,0,1,0,1,0,0
391,40,3448,3,1,0,6,0,1,0,0,1,0
392,54,16581,1,4,0,4,0,1,0,0,1,0
393,34,6538,3,3,0,9,0,0,1,0,1,0
394,31,4306,1,13,0,1,0,1,0,0,1,0
395,43,2258,4,3,0,7,0,1,0,0,1,0
396,43,4522,3,5,1,4,0,1,0,1,0,0
397,25,4487,4,5,1,1,0,0,1,0,0,1
398,37,4449,3,13,1,3,0,1,0,0,1,0
399,31,2218,1,4,0,1,0,1,0,0,1,0
400,39,16581,3,21,1,1,0,1,0,1,0,0
401,56,13212,1,7,0,9,0,0,1,0,1,0
402,30,6577,3,5,0,0,0,0,1,0,0,1
403,41,8392,1,10,0,1,0,0,1,0,1,0
404,28,4558,1,10,0,1,0,1,0,1,0,0
405,25,4031,1,2,0,5,0,1,0,0,1,0
406,52,7969,3,5,1,2,0,1,0,0,1,0
407,45,2654,4,2,0,3,0,1,0,0,1,0
408,52,16555,4,5,0,2,0,1,0,0,1,0
409,42,4556,3,5,0,2,0,1,0,1,0,0
410,30,6091,4,5,0,2,0,1,0,0,0,1
411,60,16581,1,29,0,5,0,1,0,0,1,0
412,46,4810,3,10,0,2,0,1,0,1,0,0
413,42,4523,4,6,0,0,0,1,0,0,1,0
414,24,3202,2,5,1,1,0,0,1,0,0,1
415,34,2351,3,2,0,0,0,0,1,1,0,0
416,38,1702,4,1,1,1,0,1,0,0,1,0
417,40,16581,3,20,0,0,0,0,1,0,1,0
418,26,2886,4,3,0,1,0,1,0,1,0,0
419,30,2097,4,5,0,4,0,1,0,0,1,0
420,29,11935,3,10,0,1,0,1,0,0,1,0
421,29,2546,2,2,0,5,0,1,0,0,1,0
422,19,2564,4,1,0,1,1,0,0,0,0,1
423,30,8412,1,9,0,0,0,0,1,0,1,0
424,57,14118,4,1,0,3,0,0,1,1,0,0
425,50,16581,3,27,0,0,0,1,0,0,1,0
426,30,2564,4,11,0,0,0,1,0,0,0,1
427,60,10266,1,18,0,4,0,0,1,0,1,0
428,47,5070,4,5,0,5,0,1,0,1,0,0
429,46,16581,3,3,0,6,0,1,0,0,1,0
430,35,4230,3,5,0,0,0,1,0,0,0,1
431,54,3780,3,1,0,7,0,1,0,0,0,1
432,34,2768,3,7,0,3,0,1,0,1,0,0
433,46,9071,4,3,1,2,0,0,1,0,1,0
434,31,10648,2,13,0,1,0,1,0,1,0,0
435,33,13610,3,7,1,7,0,1,0,0,1,0
436,33,3408,4,4,0,7,0,1,0,1,0,0
437,30,2983,2,3,0,0,0,0,1,0,0,1
438,35,7632,3,8,1,4,0,1,0,0,1,0
439,31,9824,3,1,0,3,0,1,0,0,1,0
440,34,9950,1,3,1,9,1,0,0,1,0,0
441,42,2093,3,2,0,4,0,1,0,0,1,0
442,36,9980,4,10,0,1,0,0,1,0,0,1
443,22,3894,3,2,0,5,0,1,0,0,0,1
444,48,4051,4,9,0,2,0,0,1,0,1,0
445,55,16581,2,10,0,3,0,0,1,0,0,1
446,41,6230,4,14,0,7,0,0,1,0,0,1
447,35,4717,3,11,0,9,0,0,1,0,1,0
448,40,13237,3,20,0,7,0,1,0,0,0,1
449,39,3755,3,8,0,1,0,1,0,0,1,0
450,31,6582,4,6,1,4,0,0,1,0,0,1
451,42,7406,1,10,1,1,0,1,0,0,1,0
452,45,4805,2,8,0,0,0,0,1,0,1,0
453,26,2741,3,7,1,0,1,0,0,1,0,0
454,29,4262,4,3,0,4,0,1,0,1,0,0
455,33,16184,3,6,0,4,0,1,0,1,0,0
456,31,11557,4,5,0,9,0,0,1,1,0,0
457,18,1878,2,0,1,1,0,0,1,0,0,1
458,40,10932,1,1,0,3,0,0,1,1,0,0
459,41,6811,3,8,1,2,0,1,0,0,0,1
460,26,4306,3,0,0,5,0,0,1,1,0,0
461,35,4859,3,5,0,1,0,0,1,0,0,1
462,34,5337,4,10,0,1,0,0,1,0,0,1
463,26,2340,4,1,1,1,0,1,0,0,0,1
464,37,7491,4,6,0,4,0,1,0,0,0,1
465,46,10527,3,2,0,5,0,1,0,0,1,0
466,41,16581,1,18,0,7,0,0,1,0,1,0
467,37,8834,2,9,0,1,0,0,1,1,0,0
468,52,5577,1,10,1,3,0,1,0,1,0,0
469,32,4707,3,4,0,8,0,0,1,0,1,0
470,24,2400,4,2,0,0,0,0,1,0,1,0
471,38,9824,3,1,0,3,0,1,0,0,1,0
472,37,6447,2,6,0,6,0,1,0,0,1,0
473,49,16581,3,31,1,1,0,1,0,1,0,0
474,24,2725,4,6,1,1,0,1,0,0,1,0
475,26,6272,2,5,0,1,0,0,1,0,1,0
476,24,2127,2,1,0,1,0,1,0,0,1,0
477,50,16581,2,32,0,1,1,0,0,0,1,0
478,25,2096,3,7,0,1,0,0,1,0,1,0
479,24,2886,3,6,1,1,0,1,0,0,1,0
480,30,2033,1,1,0,1,0,0,1,0,1,0
481,34,3622,4,6,1,1,0,1,0,0,1,0
482,31,4233,1,3,0,2,0,0,1,1,0,0
483,35,3681,4,3,0,4,0,1,0,0,0,1
484,31,5460,4,7,0,4,0,0,1,1,0,0
485,27,2187,3,5,0,0,0,1,0,1,0,0
486,37,9602,3,3,1,4,0,0,1,0,1,0
487,20,2836,2,1,0,1,0,1,0,0,0,1
488,42,4089,4,10,0,1,0,1,0,0,1,0
489,43,16581,4,1,1,4,0,1,0,1,0,0
490,38,2619,1,0,0,3,0,1,0,0,0,1
491,43,5679,3,8,1,3,0,1,0,1,0,0
492,48,15402,1,3,0,7,0,1,0,0,1,0
493,44,5985,3,2,0,4,1,0,0,0,0,1
494,34,2579,3,8,1,1,0,0,1,1,0,0
495,27,3041,1,4,0,0,0,0,1,1,0,0
496,21,3447,3,3,0,1,0,0,1,0,0,1
497,44,16581,4,2,1,4,0,1,0,0,1,0
498,22,2773,3,2,0,0,0,1,0,0,1,0
499,33,7104,3,5,0,0,0,0,1,1,0,0
500,32,6322,4,6,1,1,0,1,0,0,1,0
501,30,2083,3,1,0,1,0,1,0,1,0,0
502,53,8381,1,14,0,7,0,0,1,0,0,1
503,34,2691,4,10,0,1,0,1,0,0,1,0
504,45,4286,1,1,0,2,0,0,1,0,1,0
505,26,2659,4,3,1,1,0,1,0,0,1,0
506,37,9434,3,10,0,1,0,1,0,0,1,0
507,29,5561,3,6,0,1,0,0,1,0,1,0
508,35,6646,4,17,0,1,0,1,0,0,0,1
509,33,7725,4,13,0,3,0,1,0,1,0,0
510,54,10725,2,9,0,2,1,0,0,0,1,0
511,36,8847,2,3,1,2,0,1,0,1,0,0
512,27,2045,4,4,0,0,0,1,0,0,0,1
513,20,1009,3,1,1,1,0,1,0,0,0,1
514,33,3348,1,10,1,1,0,1,0,0,0,1
515,35,1281,3,1,0,1,0,1,0,0,1,0
516,23,2819,1,3,0,2,0,1,0,0,1,0
517,25,4851,2,3,0,0,0,0,1,0,1,0
518,38,4028,4,7,0,0,0,0,1,0,0,1
519,29,2720,4,10,0,1,0,1,0,1,0,0
520,48,8120,2,2,0,3,0,0,1,0,1,0
521,27,4647,4,6,1,1,0,0,1,1,0,0
522,37,4680,4,1,0,3,0,1,0,0,0,1
523,50,3221,3,20,1,1,0,1,0,0,1,0
524,34,8621,2,8,0,1,0,1,0,0,0,1
525,24,4577,3,2,0,9,0,0,1,0,0,1
526,39,4553,3,20,0,1,0,1,0,0,0,1
527,32,5396,4,10,0,1,0,0,1,0,0,1
528,50,6796,3,4,1,3,0,0,1,0,1,0
529,38,7625,4,9,0,0,0,1,0,0,0,1
530,27,7412,1,9,0,1,0,1,0,0,1,0
531,32,11159,4,7,0,3,0,1,0,0,0,1
532,47,4960,1,7,0,2,0,0,1,0,0,1
533,40,10475,1,18,1,5,0,0,1,0,1,0
534,53,14814,3,5,0,3,0,1,0,0,1,0
535,41,16581,4,21,0,3,1,0,0,1,0,0
536,60,5405,1,2,0,8,0,0,1,0,0,1
537,27,8793,1,9,0,1,0,1,0,1,0,0
538,41,16581,3,22,0,1,1,0,0,0,1,0
539,50,3875,2,2,0,7,0,0,1,0,1,0
540,28,2216,2,7,1,7,0,1,0,0,0,1
541,36,11713,1,8,0,9,0,1,0,0,1,0
542,38,7861,3,1,1,4,0,1,0,0,0,1
543,44,3708,3,5,0,2,0,1,0,0,0,1
544,47,13770,3,22,1,9,0,0,1,1,0,0
545,30,5304,4,8,0,7,0,0,1,1,0,0
546,29,2642,3,1,0,1,0,0,1,0,0,1
547,42,2759,3,2,1,6,0,1,0,1,0,0
548,43,6804,4,2,0,3,0,0,1,0,1,0
549,34,6142,3,5,0,3,0,1,0,0,0,1
550,23,2500,1,4,0,1,0,1,0,0,1,0
551,39,6389,2,8,0,9,1,0,0,0,1,0
552,56,11103,4,10,0,7,0,1,0,0,1,0
553,40,2342,4,4,1,0,0,1,0,0,0,1
554,27,6811,1,7,0,8,0,1,0,0,0,1
555,29,2297,2,2,0,1,0,0,1,1,0,0
556,53,2450,4,2,0,2,0,1,0,0,0,1
557,35,5093,1,1,0,2,0,1,0,1,0,0
558,32,5309,4,10,0,1,0,1,0,0,1,0
559,38,3057,3,1,1,6,0,1,0,0,1,0
560,34,5121,1,0,0,3,0,1,0,1,0,0
561,52,16581,1,34,0,1,0,0,1,0,1,0
562,33,2686,4,10,1,1,0,1,0,0,0,1
563,25,6180,4,6,0,1,0,0,1,0,0,1
564,45,6632,3,8,0,0,0,0,1,0,0,1
565,23,3505,3,2,0,1,0,1,0,0,0,1
566,47,6397,3,5,1,4,0,0,1,0,0,1
567,34,6274,4,6,0,1,0,0,1,0,0,1
568,55,16581,1,5,1,5,0,1,0,0,1,0
569,36,7587,1,10,0,1,0,0,1,0,0,1
570,52,4258,4,4,0,0,0,1,0,0,1,0
571,26,4364,4,2,0,3,0,1,0,1,0,0
572,29,4335,3,8,0,4,0,1,0,0,1,0
573,26,5326,1,4,0,6,0,0,1,0,0,1
574,34,3280,4,4,0,2,0,1,0,0,0,1
575,54,5485,1,5,1,9,0,1,0,1,0,0
576,27,4342,4,4,0,0,0,0,1,0,1,0
577,37,2782,1,5,1,0,0,1,0,1,0,0
578,38,5980,1,15,1,6,0,1,0,0,0,1
579,34,4381,1,6,0,1,0,1,0,0,0,1
580,35,2572,4,3,0,1,0,0,1,0,1,0
581,30,3833,3,2,0,3,0,1,0,0,1,0
582,40,4244,2,8,0,1,0,1,0,0,1,0
583,34,6500,1,3,0,5,0,0,1,0,1,0
584,42,16581,4,24,0,1,0,1,0,1,0,0
585,23,1601,1,0,1,1,0,1,0,0,1,0
586,24,2694,2,1,0,1,0,1,0,1,0,0
587,52,3149,3,5,0,8,0,1,0,0,1,0
588,50,16581,3,4,0,5,0,1,0,0,1,0
589,29,2319,1,1,1,1,0,1,0,0,1,0
590,33,11691,3,13,0,0,0,1,0,0,1,0
591,33,5324,1,3,0,5,0,0,1,0,0,1
592,47,16581,4,26,1,1,0,1,0,0,1,0
593,36,5228,2,9,0,0,0,1,0,0,1,0
594,29,2700,3,10,0,1,0,1,0,0,1,0
595,58,16581,2,31,1,7,0,1,0,0,0,1
596,35,2506,3,2,0,3,0,1,0,0,0,1
597,42,6062,4,4,1,9,0,1,0,0,1,0
598,28,4382,3,2,0,6,0,1,0,0,0,1
599,36,2143,2,5,0,4,1,0,0,0,1,0
600,32,6162,3,14,0,1,0,1,0,0,1,0
601,40,5094,3,1,0,6,0,1,0,0,0,1
602,30,6877,4,0,1,5,0,1,0,0,0,1
603,45,2274,3,1,0,1,0,1,0,0,0,1
604,42,4434,2,9,0,1,0,1,0,0,1,0
605,38,6288,1,4,0,2,0,1,0,1,0,0
606,34,2553,4,5,0,1,0,1,0,0,0,1
607,49,7654,4,9,0,1,0,0,1,0,1,0
608,55,5160,4,9,0,4,0,0,1,0,0,1
609,43,16581,1,4,0,6,0,1,0,0,1,0
610,27,12808,4,9,1,1,0,1,0,1,0,0
611,35,10221,3,8,0,3,0,1,0,0,0,1
612,28,4779,2,8,1,1,0,0,1,0,1,0
613,34,3737,4,3,0,0,1,0,0,0,1,0
614,26,2366,3,8,1,1,0,1,0,0,1,0
615,27,1706,4,0,0,1,0,1,0,0,1,0
616,51,16307,3,20,0,2,0,0,1,0,1,0
617,44,5933,2,5,0,9,0,1,0,0,0,1
618,25,3424,1,4,0,7,0,1,0,0,0,1
619,33,4037,1,9,0,1,0,0,1,1,0,0
620,35,2559,1,6,0,1,0,1,0,0,0,1
621,36,6201,4,18,1,1,0,0,1,0,1,0
622,32,4403,4,5,0,2,0,0,1,1,0,0
623,30,3761,4,5,0,9,0,1,0,1,0,0
624,53,10934,4,5,1,7,0,0,1,0,1,0
625,45,10761,1,5,1,4,0,0,1,1,0,0
626,32,5175,3,5,0,5,0,1,0,0,1,0
627,52,13826,4,9,0,3,0,1,0,0,1,0
628,37,6334,3,1,0,4,0,0,1,1,0,0
629,28,4936,4,5,0,1,1,0,0,1,0,0
630,22,4775,4,2,0,6,0,1,0,0,1,0
631,44,2818,4,3,1,2,0,1,0,0,1,0
632,42,2515,4,2,1,5,0,1,0,0,0,1
633,36,2342,1,5,0,0,1,0,0,0,1,0
634,25,4194,1,5,1,1,0,0,1,0,1,0
635,35,10685,3,17,1,1,0,1,0,0,1,0
636,35,2022,2,10,1,1,0,1,0,1,0,0
637,32,2314,4,3,0,0,0,1,0,1,0,0
638,25,4256,1,5,0,1,0,0,1,0,1,0
639,49,3580,1,4,0,2,0,1,0,0,1,0
640,24,3162,4,5,0,0,0,1,0,0,1,0
641,32,6524,2,10,0,1,0,0,1,0,1,0
642,38,2899,2,2,0,0,0,0,1,0,1,0
643,42,5231,4,5,1,2,0,1,0,0,1,0
644,31,2356,4,6,1,3,0,1,0,0,1,0
645,29,2800,3,3,1,6,0,0,1,1,0,0
646,53,11836,4,2,0,5,0,0,1,0,1,0
647,35,10903,2,13,0,3,0,1,0,0,1,0
648,37,2973,4,5,0,5,0,0,1,0,1,0
649,53,14275,4,12,0,6,0,1,0,0,0,1
650,43,5562,4,5,0,4,0,1,0,0,1,0
651,47,4537,4,7,1,0,0,0,1,0,1,0
652,37,7642,2,10,1,1,0,0,1,0,0,1
653,50,16581,1,31,0,1,0,1,0,1,0,0
654,39,5204,4,5,0,8,1,0,0,0,1,0
655,33,2277,2,4,1,3,1,0,0,1,0,0
656,32,2795,4,1,1,1,0,1,0,0,0,1
657,29,2532,4,4,0,6,0,1,0,1,0,0
658,44,2559,1,8,1,1,0,1,0,0,1,0
659,28,4908,4,4,0,1,0,0,1,0,0,1
660,58,2380,4,1,1,9,0,1,0,1,0,0
661,43,4765,2,1,0,4,0,1,0,1,0,0
662,20,2044,3,2,0,1,0,0,1,0,0,1
663,21,2693,4,1,0,1,0,1,0,0,0,1
664,36,6586,4,16,1,0,0,1,0,0,1,0
665,47,3294,4,3,1,1,0,0,1,0,0,1
666,22,4171,3,3,1,0,0,1,0,0,1,0
667,41,2778,4,7,1,4,0,1,0,1,0,0
668,28,2377,3,2,0,5,0,1,0,1,0,0
669,39,2404,1,2,1,7,0,1,0,0,1,0
670,27,2318,3,1,0,1,0,1,0,0,0,1
671,34,2008,2,1,0,1,0,1,0,1,0,0
672,42,6244,3,5,0,7,0,0,1,0,0,1
673,33,2799,1,3,1,3,0,1,0,0,0,1
674,58,10552,2,6,1,2,0,1,0,1,0,0
675,31,2329,3,7,0,3,0,0,1,0,1,0
676,35,4014,4,10,1,1,0,1,0,0,1,0
677,49,7403,2,26,0,4,0,1,0,0,1,0
678,48,2259,3,0,0,4,0,1,0,0,1,0
679,31,6932,3,9,0,1,0,0,1,0,1,0
680,36,4678,4,6,0,2,0,1,0,0,0,1
681,38,13582,1,15,0,1,0,1,0,0,1,0
682,32,2332,2,3,0,6,0,1,0,0,1,0
683,25,2413,2,1,1,1,0,0,1,0,1,0
684,40,9705,2,1,0,2,0,0,1,1,0,0
685,26,4294,1,7,0,1,0,0,1,0,0,1
686,41,4721,1,18,1,2,0,1,0,0,0,1
687,36,2519,3,11,0,4,0,1,0,0,0,1
688,19,2121,2,1,1,1,0,0,1,0,0,1
689,20,2973,1,1,0,1,0,1,0,0,0,1
690,31,5855,4,9,1,0,0,1,0,0,1,0
691,40,3617,2,1,1,8,0,1,0,1,0,0
692,32,6725,1,8,0,1,0,1,0,0,1,0
693,36,10325,4,16,1,1,0,0,1,0,1,0
694,33,6949,4,5,0,0,0,1,0,0,0,1
695,37,10609,3,14,0,5,0,0,1,0,1,0
696,45,4447,2,9,0,1,0,1,0,0,1,0
697,29,2157,4,3,0,1,0,0,1,0,1,0
698,35,4601,3,5,0,1,0,0,1,0,1,0
699,52,16581,4,9,0,2,0,1,0,0,1,0
700,58,2479,3,1,0,4,0,1,0,0,0,1
701,53,14852,3,17,0,6,0,0,1,1,0,0
702,30,7264,3,8,0,5,0,0,1,1,0,0
703,38,5666,4,5,1,1,0,0,1,0,0,1
704,35,7823,4,10,0,6,0,0,1,1,0,0
705,39,7880,3,8,0,0,0,0,1,0,0,1
706,40,13194,2,1,1,4,0,0,1,0,0,1
707,47,5067,3,19,1,1,0,1,0,1,0,0
708,36,5079,4,7,0,4,0,0,1,1,0,0
709,31,2321,1,3,1,0,0,1,0,0,0,1
710,33,16581,3,10,0,1,0,0,1,0,0,1
711,29,2404,1,0,1,6,0,1,0,0,0,1
712,33,3452,4,3,0,3,0,1,0,0,0,1
713,45,2270,4,5,0,3,0,1,0,1,0,0
714,50,16581,4,5,0,9,0,1,0,1,0,0
715,33,5488,2,6,1,1,0,1,0,0,1,0
716,41,16581,3,18,0,2,0,1,0,1,0,0
717,27,2811,2,2,0,9,0,1,0,0,1,0
718,45,3633,1,9,1,1,0,1,0,0,1,0
719,47,4163,4,9,1,1,0,0,1,0,0,1
720,30,2132,3,5,1,4,0,1,0,0,1,0
721,50,13973,3,12,1,3,0,1,0,0,1,0
722,38,2684,3,2,0,0,0,1,0,0,1,0
723,46,10845,3,8,0,6,0,1,0,1,0,0
724,24,4377,3,4,0,1,0,1,0,1,0,0
725,35,3743,2,4,1,1,0,1,0,1,0,0
726,31,4148,1,4,0,1,0,1,0,0,1,0
727,18,1051,4,0,0,1,0,1,0,0,0,1
728,54,10739,3,10,0,8,0,1,0,0,1,0
729,35,10388,3,16,1,1,0,1,0,1,0,0
730,30,11416,1,8,1,0,0,1,0,0,1,0
731,20,2600,1,1,1,1,0,1,0,0,0,1
732,30,2422,2,3,0,0,0,1,0,0,0,1
733,26,5472,4,8,0,1,0,1,0,0,1,0
734,22,2451,1,4,0,1,0,1,0,0,1,0
735,48,4240,3,2,0,2,0,1,0,0,0,1
736,48,10999,3,15,0,7,0,1,0,0,0,1
737,41,5003,3,2,0,6,0,1,0,0,0,1
738,39,12742,4,21,0,1,0,1,0,0,1,0
739,27,4227,4,3,0,0,0,1,0,0,1,0
740,35,3917,4,3,0,1,0,1,0,1,0,0
741,42,16581,3,1,0,6,0,0,1,0,1,0
742,50,2380,4,1,0,4,0,1,0,0,1,0
743,59,13726,4,5,1,3,0,1,0,0,0,1
744,37,4777,2,1,0,5,0,1,0,0,1,0
745,55,6385,2,8,1,3,0,1,0,0,1,0
746,41,16581,3,21,0,1,0,1,0,1,0,0
747,38,6861,4,1,1,8,0,0,1,0,0,1
748,26,4969,1,2,0,8,0,0,1,0,0,1
749,52,16581,4,32,0,1,0,0,1,0,1,0
750,44,13320,4,12,1,3,0,0,1,0,1,0
751,50,6347,3,18,0,0,0,0,1,0,1,0
752,36,2743,1,17,0,1,0,1,0,0,0,1
753,39,10880,1,21,1,1,0,1,0,0,0,1
754,33,2342,4,2,0,0,0,0,1,0,0,1
755,45,16581,4,9,0,3,0,0,1,0,1,0
756,32,4025,3,8,0,9,0,1,0,0,0,1
757,34,9725,4,15,0,0,0,0,1,1,0,0
758,59,11904,4,6,1,3,0,0,1,0,1,0
759,45,2177,2,6,0,1,1,0,0,0,0,1
760,53,7525,2,15,0,2,0,0,1,0,1,0
761,36,4834,3,1,0,7,0,1,0,1,0,0
762,26,2042,1,3,1,6,0,1,0,0,1,0
763,34,2220,3,1,1,1,0,0,1,0,1,0
764,28,1052,2,1,0,1,0,0,1,0,1,0
765,38,2821,3,2,0,3,0,1,0,0,1,0
766,50,16581,3,8,1,2,0,1,0,0,1,0
767,37,4107,2,4,0,3,0,1,0,0,0,1
768,40,8396,1,7,0,1,0,0,1,0,1,0
769,26,2007,3,5,0,1,0,1,0,1,0,0
770,46,16581,4,2,0,9,0,1,0,1,0,0
771,54,10686,3,9,0,6,0,0,1,0,1,0
772,56,2942,3,5,0,2,0,1,0,0,1,0
773,36,8858,4,14,0,0,0,1,0,0,0,1
774,55,16581,1,9,0,7,0,1,0,0,0,1
775,43,10798,4,1,0,5,0,0,1,1,0,0
776,20,2323,4,2,1,1,0,0,1,0,0,1
777,21,1416,1,1,0,1,0,1,0,0,0,1
778,46,4615,1,16,1,8,0,1,0,1,0,0
779,51,2461,3,10,1,9,0,1,0,0,1,0
780,28,8722,1,10,0,1,0,1,0,0,0,1
781,26,3955,1,5,0,1,0,1,0,0,1,0
782,30,9957,1,6,0,0,0,1,0,0,1,0
783,41,3376,3,10,0,1,0,1,0,0,1,0
784,38,8823,3,19,0,0,0,1,0,0,1,0
785,40,10322,4,11,0,4,0,1,0,0,1,0
786,27,4621,3,3,0,1,0,1,0,0,1,0
787,55,10976,2,3,0,3,0,1,0,0,1,0
788,28,3660,3,8,0,3,0,1,0,0,0,1
789,44,10482,1,20,0,9,1,0,0,0,1,0
790,33,7119,4,3,0,4,0,1,0,1,0,0
791,35,9582,1,8,1,0,0,0,1,0,0,1
792,33,4508,3,13,0,1,0,1,0,0,0,1
793,28,2207,3,4,0,1,0,1,0,1,0,0
794,34,7756,4,6,0,0,0,1,0,0,0,1
795,37,6694,4,1,1,2,0,0,1,1,0,0
796,25,3691,4,7,1,1,0,1,0,0,1,0
797,26,2377,3,1,0,1,0,1,0,1,0,0
798,33,2313,2,2,1,4,0,1,0,0,0,1
799,42,16581,1,22,0,0,0,1,0,0,1,0
800,28,2596,2,1,0,1,0,1,0,1,0,0
801,50,4728,3,0,1,3,0,0,1,0,0,1
802,33,4302,2,3,0,0,0,0,1,0,1,0
803,34,2979,4,0,0,3,0,1,0,0,1,0
804,48,16581,4,5,0,2,0,1,0,0,0,1
805,45,5593,3,15,0,1,0,0,1,0,1,0
806,52,10445,2,8,0,7,0,1,0,0,0,1
807,38,8740,3,8,1,0,0,0,1,1,0,0
808,29,2514,4,7,0,4,0,1,0,1,0,0
809,28,7655,2,9,0,0,0,1,0,1,0,0
810,46,16581,3,12,0,3,0,0,1,0,1,0
811,38,7351,2,1,0,7,0,0,1,0,0,1
812,43,10820,1,8,0,8,0,1,0,0,1,0
813,39,12169,4,18,0,7,0,1,0,1,0,0
814,40,16581,3,20,0,1,0,1,0,0,0,1
815,21,2070,2,2,1,1,0,1,0,0,0,1
816,39,6782,2,5,0,9,0,1,0,0,0,1
817,36,7779,4,11,0,2,0,1,0,0,0,1
818,31,2791,4,2,0,0,0,0,1,0,1,0
819,28,3201,2,5,0,0,0,1,0,0,1,0
820,35,4968,4,5,0,1,0,0,1,1,0,0
821,49,13120,2,9,0,6,0,0,1,0,1,0
822,34,4033,3,3,0,2,0,1,0,0,0,1
823,29,3291,2,7,0,0,0,1,0,1,0,0
824,42,4272,4,1,0,4,0,1,0,0,0,1
825,29,5056,4,10,1,1,0,1,0,0,1,0
826,38,2844,3,7,0,1,1,0,0,0,1,0
827,28,2703,3,3,1,1,0,1,0,1,0,0
828,18,1904,3,0,0,1,0,1,0,0,0,1
829,33,8224,1,5,1,0,0,0,1,0,0,1
830,41,4766,4,1,1,3,0,1,0,0,1,0
831,31,2610,3,2,0,1,0,1,0,0,1,0
832,37,5731,4,6,0,7,0,1,0,1,0,0
833,27,2539,3,4,0,1,0,1,0,0,1,0
834,34,5714,3,6,0,1,0,0,1,0,1,0
835,35,4323,3,5,0,1,1,0,0,0,0,1
836,29,7336,1,11,0,1,0,0,1,0,1,0
837,40,13499,3,18,0,9,0,1,0,0,0,1
838,42,13758,1,21,1,0,0,0,1,0,0,1
839,42,5155,1,6,0,7,0,0,1,0,0,1
840,35,2258,3,8,0,6,0,1,0,0,1,0
841,24,3597,2,4,0,8,0,1,0,0,0,1
842,28,2515,4,1,1,1,0,1,0,0,1,0
843,26,4420,4,8,0,1,0,1,0,0,1,0
844,30,6578,3,10,0,1,0,0,1,0,1,0
845,40,4422,4,1,1,3,0,1,0,0,1,0
846,35,10274,2,7,0,2,0,1,0,1,0,0
847,34,5343,1,13,0,0,0,1,0,0,0,1
848,35,2376,4,2,0,1,0,1,0,0,1,0
849,43,5346,3,4,0,8,0,0,1,0,0,1
850,32,2827,1,1,0,1,0,0,1,1,0,0
851,56,16581,1,5,0,4,0,1,0,1,0,0
852,29,3131,4,10,0,1,0,1,0,0,1,0
853,19,2552,1,1,0,1,0,1,0,0,0,1
854,45,4477,3,3,1,4,0,1,0,0,1,0
855,37,6474,4,14,0,1,0,1,0,0,1,0
856,20,3033,3,2,0,1,0,1,0,0,0,1
857,44,2936,3,6,1,1,0,1,0,0,0,1
858,53,16581,3,7,0,3,0,1,0,1,0,0
859,29,2168,4,5,1,0,0,1,0,0,1,0
860,22,2853,4,0,1,0,0,1,0,0,1,0
861,46,16581,1,26,0,8,0,0,1,0,1,0
862,44,2290,3,0,0,2,0,1,0,0,0,1
863,33,3600,3,5,0,1,1,0,0,0,1,0
864,41,2107,1,1,0,6,0,1,0,1,0,0
865,30,4115,1,4,0,8,0,0,1,1,0,0
866,40,4327,2,0,0,5,0,0,1,0,1,0
867,50,16581,1,2,0,2,0,1,0,0,1,0
868,28,3196,1,6,0,1,0,1,0,0,1,0
869,46,16581,2,4,0,5,0,1,0,0,1,0
870,35,8966,1,7,1,3,0,0,1,0,1,0
871,24,2210,2,1,0,1,0,1,0,0,1,0
872,33,4539,3,10,0,1,0,0,1,0,1,0
873,36,2741,3,7,0,1,0,1,0,1,0,0
874,30,3491,3,10,0,1,0,1,0,1,0,0
875,44,4541,4,20,0,1,0,1,0,0,0,1
876,20,2678,4,2,0,1,0,0,1,0,0,1
877,46,7379,4,6,0,2,0,1,0,1,0,0
878,42,6272,1,4,0,7,1,0,0,0,1,0
879,60,5220,4,11,1,0,0,0,1,1,0,0
880,32,2743,2,2,0,1,0,1,0,0,1,0
881,32,4998,3,8,1,4,0,1,0,0,0,1
882,36,10252,1,7,1,2,0,1,0,1,0,0
883,33,2781,4,14,0,0,0,1,0,0,1,0
884,40,6852,2,5,0,7,0,0,1,1,0,0
885,25,4950,4,4,0,0,0,0,1,0,0,1
886,30,3579,2,11,1,0,0,1,0,0,1,0
887,42,13191,1,1,1,3,0,1,0,0,1,0
888,35,10377,4,13,1,4,0,0,1,0,1,0
889,27,2235,1,9,1,1,0,1,0,0,1,0
890,54,10502,3,5,0,7,0,1,0,1,0,0
891,44,2011,4,10,0,1,0,1,0,0,1,0
892,19,1859,2,1,1,1,0,1,0,0,0,1
893,29,3760,4,3,0,1,0,1,0,1,0,0
894,54,16581,4,10,0,3,0,1,0,0,1,0
895,31,6833,1,6,1,1,0,1,0,0,1,0
896,31,6812,1,10,0,1,0,1,0,0,0,1
897,59,5171,4,6,0,5,0,0,1,0,0,1
898,43,16581,4,8,0,3,0,1,0,0,1,0
899,49,16581,3,1,0,2,0,1,0,0,1,0
900,36,3692,2,11,0,1,0,1,0,0,1,0
901,48,2559,2,1,0,5,0,1,0,0,0,1
902,27,2517,3,5,0,1,0,1,0,1,0,0
903,29,6623,4,6,1,1,0,1,0,1,0,0
904,48,16581,4,1,0,6,0,1,0,0,0,1
905,29,16124,4,7,0,3,0,1,0,1,0,0
906,34,2585,3,1,0,0,0,1,0,0,1,0
907,44,16581,2,22,0,7,0,0,1,0,1,0
908,33,8380,3,9,1,0,0,0,1,1,0,0
909,19,2994,4,1,1,1,0,1,0,0,0,1
910,23,1223,3,1,0,1,0,1,0,0,1,0
911,25,1118,4,1,1,1,0,0,1,0,0,1
912,26,2875,4,8,1,1,0,1,0,0,0,1
913,45,16581,2,24,1,2,0,0,1,0,0,1
914,55,13577,2,33,1,1,0,1,0,1,0,0
915,21,2625,3,2,0,1,0,1,0,0,0,1
916,46,16581,2,11,0,2,0,0,1,0,1,0
917,34,4538,1,3,1,0,0,0,1,0,0,1
918,51,16581,2,29,1,4,0,0,1,1,0,0
919,59,10512,4,9,0,6,0,1,0,0,0,1
920,34,4444,2,11,0,4,0,1,0,1,0,0
921,28,2154,3,4,1,0,0,1,0,0,0,1
922,44,16581,1,25,0,1,0,1,0,1,0,0
923,34,4490,2,10,0,4,1,0,0,0,1,0
924,35,3506,3,3,1,0,0,1,0,0,1,0
925,42,2372,2,1,1,6,0,1,0,0,1,0
926,43,10231,4,21,0,3,0,0,1,0,0,1
927,36,5410,2,16,1,9,0,1,0,0,0,1
928,44,7978,4,10,0,1,0,1,0,0,1,0
929,28,3867,4,2,1,1,0,1,0,0,1,0
930,51,2838,3,7,0,0,0,1,0,0,0,1
931,30,4695,3,8,1,7,0,1,0,0,0,1
932,29,3339,3,7,1,3,0,1,0,1,0,0
933,28,2080,1,3,0,2,0,1,0,0,0,1
934,25,2096,2,2,0,1,0,1,0,0,0,1
935,32,6209,4,10,0,1,0,0,1,0,1,0
936,45,16581,2,0,0,3,0,1,0,0,0,1
937,39,16581,2,19,1,6,0,1,0,1,0,0
938,58,2372,3,2,0,1,0,1,0,1,0,0
939,32,4883,3,10,0,1,0,1,0,0,1,0
940,39,3904,1,5,0,0,0,1,0,0,0,1
941,30,4627,4,9,0,0,0,1,0,0,1,0
942,36,7094,3,7,0,3,0,1,0,0,1,0
943,46,3423,1,7,0,6,1,0,0,0,0,1
944,28,6674,4,9,0,0,0,1,0,0,1,0
945,50,16581,1,3,1,4,0,1,0,0,1,0
946,40,9094,2,5,1,2,0,0,1,0,0,1
947,52,8446,2,8,1,9,0,0,1,0,0,1
948,30,11916,1,9,1,1,0,1,0,0,1,0
949,39,4534,3,8,0,0,0,1,0,0,0,1
950,31,9852,3,10,1,1,0,0,1,1,0,0
951,41,6151,2,19,0,1,0,0,1,0,0,1
952,31,2302,2,3,1,1,0,0,1,0,0,1
953,44,2362,1,3,0,4,0,1,0,0,1,0
954,42,16581,3,20,1,0,0,1,0,0,1,0
955,55,16581,3,19,0,4,0,1,0,0,1,0
956,56,16581,2,7,0,6,1,0,0,0,0,1
957,40,3544,3,4,0,9,0,1,0,1,0,0
958,34,8500,4,9,0,0,0,1,0,1,0,0
959,40,4661,4,9,0,1,0,1,0,0,0,1
960,41,4103,1,9,0,0,0,0,1,1,0,0
961,35,4249,3,9,1,1,0,1,0,0,0,1
962,51,14026,2,33,1,1,1,0,0,1,0,0
963,38,6893,1,7,0,3,0,0,1,1,0,0
964,34,6125,1,10,0,1,0,0,1,0,0,1
965,25,3669,4,3,0,3,0,1,0,0,1,0
966,58,10008,1,10,1,7,0,1,0,0,1,0
967,40,2387,2,4,0,3,0,1,0,0,1,0
968,36,4639,1,15,0,2,0,0,1,0,1,0
969,48,7898,4,10,0,1,0,1,0,0,0,1
970,27,2534,4,1,0,8,0,0,1,0,1,0
971,51,13142,2,5,0,3,0,1,0,0,0,1
972,18,1611,4,0,0,1,0,1,0,0,0,1
973,35,5363,4,9,0,0,0,1,0,0,1,0
974,27,5071,4,6,0,3,0,0,1,0,0,1
975,55,13695,3,19,1,6,0,0,1,0,0,1
976,56,13402,2,19,1,4,0,1,0,0,1,0
977,34,2029,3,5,0,1,0,1,0,1,0,0
978,40,6377,3,12,0,5,0,1,0,1,0,0
979,34,5429,3,8,0,4,0,1,0,0,1,0
980,31,2785,4,1,0,7,0,0,1,0,0,1
981,35,4614,3,4,1,0,0,0,1,0,1,0
982,38,2610,3,4,0,1,0,1,0,1,0,0
983,34,6687,4,14,0,1,0,1,0,0,0,1
984,28,4724,1,5,0,1,0,0,1,0,1,0
985,31,6179,3,10,1,1,0,1,0,0,1,0
986,39,6120,4,5,1,3,0,0,1,0,1,0
987,51,10596,2,4,0,2,0,0,1,0,1,0
988,41,5467,4,6,1,3,0,1,0,1,0,0
989,37,2996,3,6,1,7,0,1,0,0,1,0
990,33,9998,4,5,0,6,0,0,1,0,1,0
991,32,4078,2,3,1,0,0,0,1,0,1,0
992,39,10920,3,6,0,3,0,1,0,0,1,0
993,25,6232,3,3,0,2,0,0,1,0,1,0
994,52,13247,3,5,1,2,0,1,0,0,1,0
995,43,4081,3,20,1,1,0,1,0,0,0,1
996,27,5769,4,6,1,1,0,0,1,0,1,0
997,27,2394,3,8,1,1,0,1,0,0,0,1
998,26,3904,4,4,0,0,0,1,0,0,0,1
999,42,16581,1,20,0,0,1,0,0,0,1,0
1000,52,2950,1,5,0,9,0,1,0,0,1,0
1001,37,3629,3,3,0,4,0,1,0,0,0,1
1002,35,9362,4,2,0,2,0,1,0,0,0,1
1003,25,3229,4,3,0,4,0,1,0,0,1,0
1004,26,3578,1,7,0,0,0,1,0,0,0,1
1005,29,7988,1,10,0,1,1,0,0,0,0,1
1006,49,4284,1,4,0,3,0,1,0,0,0,1
1007,29,7553,4,8,1,0,0,1,0,0,0,1
1008,54,16581,4,20,0,6,0,1,0,0,0,1
1009,58,16581,1,9,1,3,0,1,0,0,1,0
1010,55,14732,4,7,0,2,0,1,0,1,0,0
1011,36,9278,2,5,1,3,0,0,1,0,0,1
1012,31,1359,3,1,0,1,0,0,1,0,0,1
1013,30,4779,1,3,0,7,0,0,1,1,0,0
1014,31,16422,2,3,0,3,0,1,0,0,0,1
1015,34,2996,1,4,0,5,0,1,0,1,0,0
1016,31,1261,2,1,0,1,0,1,0,0,0,1
1017,27,2099,1,5,0,0,0,1,0,0,1,0
1018,36,5810,4,10,0,1,0,1,0,0,0,1
1019,36,5647,1,3,0,4,0,0,1,0,1,0
1020,47,3420,4,6,0,7,0,1,0,0,1,0
1021,25,4400,1,3,0,3,0,0,1,0,1,0
1022,37,3500,3,6,0,0,0,1,0,0,0,1
1023,56,2066,1,3,0,2,0,1,0,0,1,0
1024,47,16581,3,20,0,3,0,1,0,0,1,0
1025,24,4162,3,5,1,1,0,0,1,0,1,0
1026,32,9204,4,4,0,4,0,0,1,0,1,0
1027,34,3294,2,5,0,5,0,1,0,0,1,0
1028,41,2127,3,4,1,2,0,1,0,0,1,0
1029,40,3975,3,8,0,3,0,1,0,1,0,0
1030,31,10793,4,13,0,1,0,0,1,1,0,0
1031,46,10096,4,7,0,4,0,0,1,1,0,0
1032,39,3646,1,1,1,2,0,1,0,0,0,1
1033,31,7446,2,10,0,1,0,1,0,0,0,1
1034,45,10851,1,7,1,2,0,1,0,1,0,0
1035,31,2109,2,3,0,9,1,0,0,0,0,1
1036,31,3722,4,2,1,6,0,1,0,0,1,0
1037,45,9380,4,3,1,4,0,1,0,0,1,0
1038,48,5486,1,2,0,4,0,0,1,1,0,0
1039,34,2742,3,2,0,1,1,0,0,0,1,0
1040,40,13757,2,9,0,2,0,1,0,1,0,0
1041,28,8463,1,5,0,0,0,0,1,0,0,1
1042,44,3162,3,5,0,3,0,1,0,0,0,1
1043,53,16581,2,9,0,4,0,1,0,0,0,1
1044,49,6651,3,3,0,2,0,1,0,0,1,0
1045,40,2345,3,3,0,2,0,1,0,1,0,0
1046,44,3420,2,5,0,1,0,1,0,0,0,1
1047,33,4373,1,4,0,0,0,0,1,0,1,0
1048,34,4759,1,13,0,3,0,0,1,0,0,1
1049,30,5301,3,2,0,8,0,0,1,0,1,0
1050,42,3673,4,12,0,1,0,1,0,0,0,1
1051,44,4768,3,1,0,7,0,0,1,0,1,0
1052,30,1274,3,1,0,1,0,1,0,1,0,0
1053,57,4900,3,12,0,0,0,1,0,0,1,0
1054,49,10466,2,8,0,3,0,1,0,1,0,0
1055,34,16581,1,14,0,7,0,1,0,1,0,0
1056,28,2909,3,3,0,3,0,0,1,0,1,0
1057,29,5765,2,5,0,5,0,0,1,0,0,1
1058,34,4599,2,15,1,0,0,0,1,0,0,1
1059,35,2404,3,1,0,1,0,0,1,0,1,0
1060,24,3172,1,0,1,2,0,1,0,0,0,1
1061,24,2033,2,1,0,1,0,0,1,0,1,0
1062,44,10209,3,2,1,5,0,1,0,0,0,1
1063,29,8620,3,10,0,1,0,0,1,1,0,0
1064,30,2064,3,5,0,0,1,0,0,1,0,0
1065,55,4035,3,3,1,0,0,1,0,0,1,0
1066,33,3838,2,5,0,8,0,1,0,0,1,0
1067,47,4591,3,5,1,3,0,0,1,0,1,0
1068,28,2561,1,0,0,7,0,1,0,0,0,1
1069,28,1563,3,1,0,1,0,1,0,1,0,0
1070,28,4898,1,4,0,0,0,0,1,0,0,1
1071,49,4789,1,3,0,4,0,1,0,0,1,0
1072,29,3180,2,3,0,0,0,1,0,0,1,0
1073,28,6549,2,8,0,1,0,1,0,0,1,0
1074,33,6388,3,0,1,2,0,1,0,0,0,1
1075,32,11244,4,5,0,2,0,1,0,0,0,1
1076,54,16032,4,14,0,3,0,1,0,1,0,0
1077,29,2362,1,9,0,6,0,1,0,0,0,1
1078,44,16328,1,20,0,3,0,1,0,0,1,0
1079,39,8376,2,2,0,4,0,1,0,0,0,1
1080,46,16581,2,13,0,8,0,0,1,0,1,0
1081,35,8606,2,11,0,1,0,1,0,0,0,1
1082,23,2272,3,4,0,0,0,1,0,0,0,1
1083,40,2018,1,5,0,3,0,1,0,0,0,1
1084,34,7083,3,10,1,1,0,0,1,0,1,0
1085,31,4084,3,7,0,1,0,1,0,0,0,1
1086,50,14411,4,32,1,1,0,1,0,0,0,1
1087,34,2308,3,11,1,0,0,0,1,0,1,0
1088,42,4841,2,1,0,4,0,1,0,0,1,0
1089,37,4285,4,10,0,1,0,1,0,0,1,0
1090,29,9715,1,7,0,3,0,1,0,0,1,0
1091,33,4320,2,5,0,1,0,1,0,0,0,1
1092,45,2132,4,5,0,4,0,1,0,0,1,0
1093,42,10124,4,20,1,2,0,1,0,0,1,0
1094,40,5473,1,8,0,0,0,0,1,0,1,0
1095,33,5207,3,15,1,1,0,1,0,0,1,0
1096,40,16437,4,21,1,1,1,0,0,0,0,1
1097,24,2296,1,1,0,0,0,1,0,1,0,0
1098,40,4069,4,2,1,3,0,1,0,1,0,0
1099,45,7441,2,10,0,1,0,1,0,1,0,0
1100,35,2430,3,5,0,0,0,0,1,0,1,0
1101,32,5878,2,7,0,3,0,1,0,0,1,0
1102,36,2644,4,3,1,3,0,0,1,0,0,1
1103,48,6439,3,8,0,8,0,0,1,1,0,0
1104,29,2451,3,1,0,6,0,1,0,0,1,0
1105,33,6392,1,2,0,2,0,0,1,0,1,0
1106,30,9714,1,10,0,1,0,0,1,0,1,0
1107,38,6077,3,6,0,3,1,0,0,0,1,0
1108,35,2450,1,3,0,1,0,1,0,0,0,1
1109,30,9250,2,4,0,3,0,0,1,0,1,0
1110,35,2074,1,1,1,1,0,1,0,1,0,0
1111,53,10169,4,33,0,0,0,1,0,0,1,0
1112,38,4855,2,5,0,4,0,1,0,0,1,0
1113,32,4087,1,6,0,4,0,1,0,0,1,0
1114,48,2367,1,8,0,8,0,1,0,0,1,0
1115,34,2972,4,1,0,1,0,1,0,0,0,1
1116,55,16581,4,36,0,1,0,0,1,0,1,0
1117,34,5484,4,2,0,9,0,1,0,0,1,0
1118,26,2061,4,1,0,1,0,1,0,0,1,0
1119,38,9924,2,9,0,0,0,0,1,0,1,0
1120,38,4198,2,3,0,2,0,0,1,0,0,1
1121,36,6815,3,1,0,6,0,0,1,0,0,1
1122,29,4723,1,10,1,1,0,1,0,0,0,1
1123,35,6142,3,5,1,3,0,1,0,0,0,1
1124,39,8237,3,7,0,2,0,0,1,0,1,0
1125,29,8853,4,6,0,1,0,1,0,1,0,0
1126,50,16581,3,1,1,4,0,0,1,0,1,0
1127,23,2073,3,2,0,2,0,1,0,0,1,0
1128,36,5562,1,3,1,3,0,1,0,0,1,0
1129,42,16581,4,1,0,8,0,1,0,0,0,1
1130,35,3407,3,10,0,1,0,1,0,0,1,0
1131,34,5063,3,8,0,1,0,1,0,0,1,0
1132,40,4639,1,5,0,1,0,0,1,0,1,0
1133,43,4876,2,6,0,5,0,1,0,1,0,0
1134,35,2690,4,1,0,1,0,1,0,0,1,0
1135,46,16581,1,26,0,1,0,0,1,0,0,1
1136,28,2408,2,1,1,1,0,1,0,0,1,0
1137,22,2814,3,4,1,1,0,1,0,0,1,0
1138,50,11245,3,30,1,2,0,1,0,0,1,0
1139,32,3312,4,3,0,3,0,1,0,0,1,0
1140,44,16581,4,22,1,0,0,1,0,1,0,0
1141,30,2141,2,6,0,1,0,1,0,0,1,0
1142,45,5769,1,10,1,1,0,1,0,0,0,1
1143,45,4385,1,10,0,1,0,0,1,0,1,0
1144,31,5332,1,5,0,7,0,0,1,0,0,1
1145,36,4663,3,3,1,9,0,1,0,0,1,0
1146,34,4724,4,9,0,1,0,1,0,1,0,0
1147,49,3211,1,9,0,1,0,1,0,0,1,0
1148,39,5377,1,7,0,2,0,1,0,0,1,0
1149,27,4066,1,7,0,1,0,1,0,1,0,0
1150,35,5208,1,16,0,1,0,1,0,0,1,0
1151,28,4877,1,5,0,0,0,1,0,1,0,0
1152,21,3117,4,2,0,1,0,1,0,0,0,1
1153,18,1569,4,0,1,1,0,0,1,0,0,1
1154,47,16581,3,5,0,3,1,0,0,0,1,0
1155,39,3069,3,10,0,0,0,1,0,1,0,0
1156,40,10435,3,18,0,1,0,1,0,0,1,0
1157,35,4148,3,14,0,1,0,1,0,0,1,0
1158,37,5768,3,4,0,3,0,1,0,0,1,0
1159,39,5042,3,9,0,0,0,1,0,0,0,1
1160,45,5770,4,10,0,1,0,1,0,1,0,0
1161,38,7756,3,5,1,3,0,1,0,0,1,0
1162,35,10306,1,13,0,9,0,0,1,0,1,0
1163,37,3936,2,8,0,1,0,1,0,0,1,0
1164,40,7945,4,4,1,6,0,1,0,0,0,1
1165,44,5743,4,10,1,4,1,0,0,0,1,0
1166,48,15202,4,2,0,2,0,1,0,0,1,0
1167,35,5440,4,2,1,6,0,0,1,1,0,0
1168,24,3760,4,6,1,1,0,1,0,0,0,1
1169,27,3517,3,3,0,7,0,1,0,0,1,0
1170,27,2580,4,4,0,2,0,1,0,0,0,1
1171,40,2166,1,4,1,3,0,1,0,0,0,1
1172,29,5869,3,5,0,9,0,0,1,0,0,1
1173,36,8008,1,3,0,4,0,1,0,0,1,0
1174,25,5206,3,7,0,1,0,1,0,1,0,0
1175,39,5295,2,5,0,4,0,1,0,0,1,0
1176,49,16413,2,4,0,3,0,1,0,0,1,0
1177,50,13269,1,14,0,5,0,1,0,1,0,0
1178,20,2783,3,2,0,1,0,0,1,0,0,1
1179,34,5433,2,11,0,1,0,1,0,1,0,0
1180,36,2013,2,4,0,2,0,1,0,0,0,1
1181,49,13966,3,15,1,2,0,1,0,0,1,0
1182,36,4374,3,3,0,0,0,1,0,0,1,0
1183,36,6842,1,5,0,6,0,1,0,1,0,0
1184,54,16581,3,10,0,3,0,1,0,0,1,0
1185,43,16581,3,14,0,1,0,1,0,0,1,0
1186,35,4581,4,11,1,3,0,0,1,0,0,1
1187,38,4735,4,13,0,7,0,1,0,0,1,0
1188,29,4187,2,10,1,1,0,0,1,1,0,0
1189,33,5505,4,6,0,1,0,0,1,1,0,0
1190,32,5470,2,9,0,0,0,1,0,1,0,0
1191,31,5476,4,10,0,1,0,0,1,0,1,0
1192,49,2587,1,2,1,4,0,1,0,1,0,0
1193,38,2440,2,4,0,1,0,1,0,0,0,1
1194,47,15972,2,3,0,6,0,0,1,1,0,0
1195,49,15379,3,8,0,4,0,1,0,0,0,1
1196,41,7082,3,2,1,3,0,0,1,0,0,1
1197,20,2728,1,2,0,1,0,0,1,0,0,1
1198,33,5368,4,6,1,1,0,0,1,1,0,0
1199,36,5347,3,3,0,6,0,1,0,0,1,0
1200,44,3195,4,2,1,4,1,0,0,1,0,0
1201,23,3989,3,5,1,1,0,1,0,0,0,1
1202,38,3306,3,0,0,7,0,1,0,0,1,0
1203,53,7005,4,4,0,3,0,1,0,0,1,0
1204,48,2655,3,9,1,2,0,0,1,0,1,0
1205,32,1393,2,1,0,1,0,1,0,0,0,1
1206,26,2570,4,7,0,1,0,1,0,0,0,1
1207,55,3537,2,4,0,5,0,1,0,1,0,0
1208,34,3986,4,15,0,1,0,1,0,0,1,0
1209,60,10883,4,1,0,3,0,1,0,1,0,0
1210,33,2028,2,14,0,1,0,1,0,0,1,0
1211,37,9525,4,6,0,1,0,0,1,1,0,0
1212,34,2929,4,10,0,1,0,1,0,0,1,0
1213,23,2275,4,3,1,1,0,0,1,1,0,0
1214,44,7879,4,8,1,1,0,1,0,0,1,0
1215,35,4930,4,5,1,0,0,1,0,0,0,1
1216,43,7847,4,10,1,1,0,0,1,0,1,0
1217,24,4401,3,5,0,1,0,1,0,0,1,0
1218,41,9241,3,10,0,1,0,0,1,0,0,1
1219,29,2974,3,5,0,9,0,1,0,0,1,0
1220,36,4502,4,13,0,3,0,0,1,0,0,1
1221,45,10748,3,23,0,3,0,1,0,0,1,0
1222,24,1555,3,1,0,1,1,0,0,0,1,0
1223,47,12936,3,23,0,7,0,0,1,0,1,0
1224,26,2305,3,3,0,1,0,1,0,0,1,0
1225,45,16581,2,21,0,1,0,1,0,0,0,1
1226,32,3433,3,5,0,6,0,1,0,0,1,0
1227,31,3477,3,5,0,1,0,1,0,0,1,0
1228,41,6430,2,3,0,6,1,0,0,0,1,0
1229,40,6516,1,1,1,2,0,1,0,0,1,0
1230,24,3907,1,6,0,1,0,1,0,1,0,0
1231,46,5562,2,10,0,6,0,1,0,0,0,1
1232,35,6883,3,7,0,2,0,1,0,0,1,0
1233,30,2862,4,10,0,1,0,1,0,0,1,0
1234,47,4978,2,1,0,7,0,0,1,0,1,0
1235,46,10368,4,10,1,4,0,0,1,1,0,0
1236,36,6134,1,2,1,5,0,0,1,1,0,0
1237,32,6735,2,0,0,6,0,0,1,0,0,1
1238,23,3295,2,3,0,1,0,1,0,0,0,1
1239,31,5238,4,5,0,2,0,1,0,0,0,1
1240,39,6472,4,9,1,1,0,1,0,0,1,0
1241,32,9610,3,4,0,3,0,0,1,0,1,0
1242,40,16581,2,21,0,1,0,0,1,0,0,1
1243,45,9756,3,5,0,4,1,0,0,0,1,0
1244,30,4968,1,9,0,0,0,1,0,0,0,1
1245,24,2145,4,2,0,0,1,0,0,0,1,0
1246,30,2180,4,4,0,6,1,0,0,1,0,0
1247,31,8346,3,5,0,1,0,0,1,0,1,0
1248,27,3445,4,6,0,1,0,1,0,0,0,1
1249,29,2760,2,2,0,1,0,0,1,0,0,1
1250,29,6294,3,3,1,8,0,1,0,0,0,1
1251,30,7140,1,7,0,2,0,0,1,1,0,0
1252,34,2932,4,5,1,0,0,1,0,0,1,0
1253,33,5147,2,11,0,8,0,0,1,0,0,1
1254,49,4507,4,5,0,3,0,0,1,0,0,1
1255,33,8564,1,0,1,2,0,0,1,0,0,1
1256,38,2468,2,6,0,4,0,1,0,0,1,0
1257,31,8161,3,1,0,2,0,0,1,0,1,0
1258,29,2109,1,1,0,1,0,1,0,1,0,0
1259,30,5294,3,7,0,3,0,1,0,0,1,0
1260,32,2718,2,7,0,2,0,1,0,0,0,1
1261,38,5811,4,1,1,3,0,1,0,0,1,0
1262,43,2437,3,1,1,9,0,1,0,0,1,0
1263,42,2766,2,5,0,8,0,1,0,1,0,0
1264,55,16581,1,1,0,8,0,1,0,0,1,0
1265,33,3055,2,9,0,5,0,1,0,1,0,0
1266,41,2289,1,5,0,1,0,1,0,1,0,0
1267,34,4001,3,15,1,1,0,0,1,1,0,0
1268,53,12965,3,3,1,4,0,1,0,0,1,0
1269,43,3539,4,9,0,0,1,0,0,0,0,1
1270,34,6029,4,2,0,5,0,0,1,0,0,1
1271,21,2679,2,1,0,1,0,0,1,0,0,1
1272,38,3702,3,5,0,1,0,1,0,0,1,0
1273,22,2398,1,1,1,1,0,1,0,0,1,0
1274,31,5468,4,12,0,1,0,0,1,0,1,0
1275,51,13116,3,2,0,2,0,1,0,0,1,0
1276,37,4189,2,5,0,1,0,0,1,0,1,0
1277,46,16581,4,2,1,7,0,1,0,1,0,0
1278,36,8321,1,12,1,7,0,1,0,0,1,0
1279,44,2342,2,5,1,1,0,1,0,1,0,0
1280,37,4071,2,10,0,2,1,0,0,1,0,0
1281,35,5813,4,10,1,1,0,0,1,0,0,1
1282,33,3143,1,10,0,6,0,1,0,0,1,0
1283,28,2044,4,5,0,1,0,1,0,0,1,0
1284,39,13464,3,4,0,7,0,1,0,0,0,1
1285,46,7991,2,2,0,8,0,0,1,0,0,1
1286,40,3377,1,4,0,4,0,1,0,0,1,0
1287,42,5538,1,0,0,5,0,1,0,0,1,0
1288,35,5762,4,7,0,2,0,1,0,1,0,0
1289,38,2592,2,11,0,5,1,0,0,1,0,0
1290,34,5346,1,7,0,4,0,1,0,0,1,0
1291,37,4213,1,10,0,1,0,1,0,0,0,1
1292,39,4127,4,2,0,2,0,0,1,1,0,0
1293,43,2438,3,3,0,4,0,1,0,0,0,1
1294,41,6870,2,3,0,3,0,1,0,0,0,1
1295,41,10447,3,22,1,0,0,0,1,1,0,0
1296,30,9667,3,7,0,9,0,1,0,0,0,1
1297,26,2148,2,5,1,0,1,0,0,0,1,0
1298,46,8926,2,9,0,4,0,1,0,0,1,0
1299,40,6513,4,5,0,4,0,1,0,1,0,0
1300,34,6799,3,10,0,1,0,0,1,0,1,0
1301,58,16291,2,16,0,4,0,0,1,1,0,0
1302,35,2705,3,5,0,0,0,1,0,0,1,0
1303,47,10333,2,22,1,8,0,1,0,1,0,0
1304,40,4448,1,7,0,2,0,1,0,1,0,0
1305,54,6854,4,7,0,4,0,1,0,0,1,0
1306,31,9637,1,3,0,2,0,0,1,0,1,0
1307,28,3591,1,3,0,1,0,1,0,0,1,0
1308,38,5405,4,4,1,2,0,0,1,0,1,0
1309,26,4684,4,5,0,1,0,0,1,0,0,1
1310,58,15787,3,2,1,2,0,1,0,0,1,0
1311,18,1514,3,0,0,1,0,1,0,0,0,1
1312,31,2956,1,1,0,0,1,0,0,0,1,0
1313,29,2335,1,2,1,4,1,0,0,1,0,0
1314,45,5154,3,8,0,4,0,0,1,0,1,0
1315,36,6962,2,1,1,4,0,1,0,0,1,0
1316,43,5675,4,7,0,1,0,0,1,0,1,0
1317,27,2379,4,5,1,0,0,1,0,0,0,1
1318,29,3812,4,11,0,1,0,1,0,0,1,0
1319,32,4648,4,0,0,8,0,0,1,0,0,1
1320,42,2936,3,6,0,3,0,1,0,0,1,0
1321,47,2105,3,2,0,4,0,1,0,0,0,1
1322,46,8578,4,9,0,3,0,1,0,1,0,0
1323,28,2706,4,3,0,1,1,0,0,1,0,0
1324,29,6384,3,7,0,8,0,1,0,1,0,0
1325,42,3968,3,0,0,4,0,1,0,0,0,1
1326,32,9907,2,2,1,7,0,0,1,0,0,1
1327,46,13225,1,19,0,2,0,0,1,1,0,0
1328,27,3540,3,9,0,1,0,0,1,0,1,0
1329,29,2804,2,1,0,1,1,0,0,0,1,0
1330,43,16581,3,16,0,7,0,1,0,0,1,0
1331,48,16581,2,22,0,4,0,1,0,0,1,0
1332,29,2439,4,1,1,1,0,1,0,0,0,1
1333,46,7314,2,8,0,5,0,0,1,0,1,0
1334,27,4774,1,7,0,0,0,1,0,0,1,0
1335,39,3902,4,2,0,8,0,1,0,1,0,0
1336,55,2662,4,5,0,8,0,1,0,0,1,0
1337,28,2856,2,1,0,1,0,0,1,0,1,0
1338,30,1081,4,1,0,1,0,0,1,0,0,1
1339,22,2472,2,1,1,1,0,1,0,0,0,1
1340,36,5673,3,10,1,1,0,0,1,0,1,0
1341,31,4197,3,10,0,1,0,1,0,1,0,0
1342,34,9713,4,5,1,2,0,0,1,0,1,0
1343,29,2062,1,3,0,3,0,1,0,0,0,1
1344,37,4284,1,5,1,5,0,1,0,0,1,0
1345,35,4788,2,3,1,0,0,1,0,0,1,0
1346,45,5906,4,9,0,0,0,1,0,0,1,0
1347,36,3886,4,10,0,1,1,0,0,0,0,1
1348,40,16581,1,19,0,2,0,1,0,1,0,0
1349,26,2933,3,1,1,1,0,1,0,0,1,0
1350,27,6500,3,8,0,0,0,0,1,0,0,1
1351,48,16581,4,22,0,3,0,1,0,1,0,0
1352,44,5033,1,2,0,2,0,1,0,0,1,0
1353,34,2307,1,5,1,1,0,1,0,0,1,0
1354,56,2587,4,4,0,1,0,1,0,0,0,1
1355,36,5507,2,4,0,2,0,0,1,0,1,0
1356,41,4393,2,5,0,5,0,0,1,0,1,0
1357,42,13348,1,13,0,9,0,1,0,0,1,0
1358,31,6583,4,5,1,2,0,0,1,1,0,0
1359,34,8103,4,4,1,3,0,0,1,0,1,0
1360,31,3978,3,2,0,8,0,1,0,1,0,0
1361,26,2544,4,7,0,0,0,1,0,0,1,0
1362,45,5399,3,4,0,4,0,1,0,0,0,1
1363,33,5487,3,10,0,1,0,0,1,0,0,1
1364,28,6834,4,7,1,1,0,0,1,0,1,0
1365,29,1091,1,1,0,1,0,0,1,0,0,1
1366,39,5736,3,3,0,6,0,0,1,0,1,0
1367,27,2226,2,5,0,1,0,1,0,0,1,0
1368,34,5747,4,15,1,1,0,1,0,0,1,0
1369,28,9854,3,2,1,3,0,0,1,0,0,1
1370,47,5467,2,8,0,8,0,1,0,0,1,0
1371,56,5380,1,0,0,4,0,0,1,0,1,0
1372,39,5151,1,10,0,1,0,1,0,0,1,0
1373,38,2133,2,20,1,1,0,1,0,1,0,0
1374,58,16581,4,1,1,4,0,0,1,0,1,0
1375,32,2432,3,4,1,3,0,1,0,0,0,1
1376,38,4771,4,5,0,2,0,1,0,1,0,0
1377,49,16581,4,5,0,3,0,1,0,0,1,0
1378,42,5087,4,0,1,3,0,0,1,1,0,0
1379,27,2863,2,1,0,1,1,0,0,0,1,0
1380,35,5561,1,5,0,0,0,0,1,0,1,0
1381,28,2144,3,5,0,1,0,1,0,0,0,1
1382,31,3065,1,4,1,1,0,1,0,1,0,0
1383,36,2810,2,5,0,1,0,1,0,0,1,0
1384,34,9888,4,14,0,1,0,0,1,0,0,1
1385,34,8628,3,8,0,1,0,0,1,1,0,0
1386,26,2867,1,7,0,0,0,1,0,0,0,1
1387,29,5373,1,5,0,0,0,1,0,0,1,0
1388,32,6667,4,5,0,5,0,1,0,1,0,0
1389,31,5003,1,10,0,1,0,1,0,0,1,0
1390,28,2367,4,4,0,5,0,1,0,1,0,0
1391,38,2858,1,1,0,4,0,0,1,0,0,1
1392,35,5204,4,10,1,1,0,0,1,0,1,0
1393,27,4105,4,7,0,1,0,0,1,0,0,1
1394,32,9679,4,1,0,8,0,1,0,0,0,1
1395,31,5617,4,10,1,1,0,0,1,0,1,0
1396,53,10448,1,2,1,6,0,0,1,0,0,1
1397,54,2897,3,4,0,3,0,1,0,0,1,0
1398,33,5968,3,9,0,1,0,1,0,1,0,0
1399,43,7510,3,10,0,1,0,1,0,0,1,0
1400,38,2991,2,6,1,0,1,0,0,0,1,0
1401,55,16581,2,10,1,4,1,0,0,0,1,0
1402,31,1129,4,1,1,1,0,1,0,1,0,0
1403,39,13341,1,20,0,0,0,0,1,0,0,1
1404,42,4332,3,20,0,1,0,1,0,0,0,1
1405,31,11031,3,11,0,4,0,1,0,0,1,0
1406,54,4440,1,5,1,6,0,1,0,0,0,1
1407,24,4617,3,4,0,1,0,1,0,0,0,1
1408,23,2647,4,5,0,1,0,1,0,0,0,1
1409,40,6323,3,10,0,1,0,1,0,0,1,0
1410,40,5677,2,11,0,3,0,0,1,0,1,0
1411,25,2187,2,2,0,4,1,0,0,0,1,0
1412,30,3748,2,12,0,1,0,1,0,0,1,0
1413,25,3977,3,2,1,6,0,1,0,1,0,0
1414,47,8633,3,17,0,2,0,1,0,0,0,1
1415,33,2008,3,1,0,1,0,1,0,1,0,0
1416,38,4440,2,15,0,0,0,0,1,0,1,0
1417,31,3067,3,2,0,0,0,0,1,0,1,0
1418,38,5321,3,8,0,2,0,1,0,0,1,0
1419,42,5410,1,4,1,6,0,1,0,1,0,0
1420,41,2782,4,5,0,3,0,1,0,0,1,0
1421,47,11957,2,13,0,0,0,1,0,0,1,0
1422,35,2660,3,2,1,7,0,1,0,0,1,0
1423,22,3375,3,3,0,0,0,1,0,0,0,1
1424,35,5098,3,10,0,1,0,1,0,0,0,1
1425,33,4878,4,9,1,0,0,1,0,0,1,0
1426,32,2837,2,6,0,1,0,1,0,0,0,1
1427,40,2406,4,1,0,8,0,1,0,0,1,0
1428,32,2269,2,2,0,0,0,0,1,0,1,0
1429,39,4108,4,7,0,7,0,1,0,0,0,1
1430,38,13206,3,18,0,3,0,1,0,0,1,0
1431,32,10422,4,14,0,1,0,0,1,0,1,0
1432,37,13744,4,16,1,1,0,1,0,0,1,0
1433,25,4907,3,5,1,0,0,0,1,1,0,0
1434,52,3482,4,9,0,2,0,0,1,1,0,0
1435,44,2436,4,4,1,6,0,1,0,0,0,1
1436,21,2380,1,2,1,1,0,0,1,0,0,1
1437,39,16581,4,6,0,2,0,1,0,0,0,1
1438,23,1790,1,1,0,1,0,0,1,0,1,0
1439,36,7644,4,9,0,0,0,0,1,0,1,0
1440,36,5131,2,4,0,7,0,1,0,1,0,0
1441,56,6306,3,13,0,1,0,1,0,1,0,0
1442,29,4787,4,2,1,9,0,1,0,0,1,0
1443,42,16581,3,22,0,5,0,1,0,0,1,0
1444,56,2339,3,10,0,8,0,1,0,0,1,0
1445,41,13570,2,20,0,0,0,1,0,0,1,0
1446,34,6712,3,8,0,1,0,0,1,0,1,0
1447,36,5406,4,15,0,1,0,0,1,1,0,0
1448,41,8938,2,5,0,2,0,0,1,1,0,0
1449,32,2439,1,4,0,1,0,1,0,0,0,1
1450,35,8837,4,9,1,1,1,0,0,0,0,1
1451,38,5343,4,10,0,1,0,0,1,0,1,0
1452,50,6728,3,6,0,7,0,0,1,1,0,0
1453,36,6652,4,6,0,4,0,0,1,0,1,0
1454,45,4850,3,5,0,8,0,0,1,0,0,1
1455,40,2809,3,2,0,2,0,1,0,0,0,1
1456,35,5689,3,10,1,1,0,1,0,0,1,0
1457,40,2001,3,5,0,2,0,1,0,0,1,0
1458,35,2977,4,4,0,1,0,1,0,0,1,0
1459,29,4025,2,4,1,4,0,1,0,0,1,0
1460,29,3785,1,5,0,1,0,1,0,0,0,1
1461,50,10854,1,3,1,4,0,0,1,1,0,0
1462,39,12031,4,20,0,0,0,0,1,0,1,0
1463,31,9936,1,9,0,0,0,1,0,0,0,1
1464,26,2966,3,4,0,0,0,0,1,0,0,1
1465,36,2571,4,5,0,4,0,1,0,0,1,0
1466,39,9991,1,7,0,4,0,1,0,0,1,0
1467,27,6142,2,6,1,1,0,1,0,0,1,0
1468,49,5390,2,9,0,2,0,0,1,0,1,0
1469,34,4404,3,4,0,2,0,1,0,0,1,0
